Rater1,Rater3
necessary details,necessary details
necessary details,necessary details
necessary details,necessary details
necessary details,necessary details
necessary details,necessary details
necessary details,necessary details
necessary details,necessary details
necessary details,necessary details
necessary details,necessary details
other,necessary details
necessary details,necessary details
necessary details,necessary details
solution - own experience,necessary details
necessary details,necessary details
solution conditions - environment,necessary details
